Gene,Drug,Interaction,Source,Log2FC,Adjusted_P,Significance,Expression_Direction
CPA1,COMPOUND 1B [PMID: 18078750],inhibitor,GuideToPharmacology,-1.681782185006012,4.92651788324249e-65,Downregulated,Downregulated
CA4,TOPIRAMATE,inhibitor,TEND,-1.8644215625391456,9.762124372701393e-65,Downregulated,Downregulated
CA4,ACETAZOLAMIDE,inhibitor,GuideToPharmacology,-1.8644215625391456,9.762124372701393e-65,Downregulated,Downregulated
CA4,COMPOUND 5B  [PMID: 31287314],inhibitor,GuideToPharmacology,-1.8644215625391456,9.762124372701393e-65,Downregulated,Downregulated
CA4,TRICHLORMETHIAZIDE,unknown,TEND,-1.8644215625391456,9.762124372701393e-65,Downregulated,Downregulated
CA4,SULTHIAME,inhibitor,ChEMBL,-1.8644215625391456,9.762124372701393e-65,Downregulated,Downregulated
CA4,DICHLORPHENAMIDE,inhibitor,GuideToPharmacology,-1.8644215625391456,9.762124372701393e-65,Downregulated,Downregulated
CA4,COMPOUND 5A [PMID: 31287314],inhibitor,GuideToPharmacology,-1.8644215625391456,9.762124372701393e-65,Downregulated,Downregulated
CA4,ETHOXZOLAMIDE,inhibitor,ChEMBL,-1.8644215625391456,9.762124372701393e-65,Downregulated,Downregulated
CA4,ACETAZOLAMIDE SODIUM,inhibitor,ChEMBL,-1.8644215625391456,9.762124372701393e-65,Downregulated,Downregulated
CA4,SALVIANOLIC ACID A,inhibitor,GuideToPharmacology,-1.8644215625391456,9.762124372701393e-65,Downregulated,Downregulated
CA4,CHLORTHALIDONE,inhibitor,GuideToPharmacology,-1.8644215625391456,9.762124372701393e-65,Downregulated,Downregulated
CA4,METHAZOLAMIDE,inhibitor,GuideToPharmacology,-1.8644215625391456,9.762124372701393e-65,Downregulated,Downregulated
CA4,METHAZOLAMIDE,inhibitor,ChEMBL,-1.8644215625391456,9.762124372701393e-65,Downregulated,Downregulated
CA4,CHLOROTHIAZIDE,unknown,TEND,-1.8644215625391456,9.762124372701393e-65,Downregulated,Downregulated
TSLP,TEZEPELUMAB,unknown,TTD,-1.0851283956291446,5.001133979682717e-63,Downregulated,Downregulated
TSLP,TEZEPELUMAB,inhibitor,ChEMBL,-1.0851283956291446,5.001133979682717e-63,Downregulated,Downregulated
SLC22A12,SHR-4640,inhibitor,ChEMBL,-1.510662930415714,2.371785562215873e-60,Downregulated,Downregulated
SLC22A12,LOSARTAN POTASSIUM,unknown,PharmGKB,-1.510662930415714,2.371785562215873e-60,Downregulated,Downregulated
SLC22A12,BENZBROMARONE,inhibitor,ChEMBL,-1.510662930415714,2.371785562215873e-60,Downregulated,Downregulated
SLC22A12,CYTARABINE,unknown,PharmGKB,-1.510662930415714,2.371785562215873e-60,Downregulated,Downregulated
SLC22A12,ARHALOFENATE,inhibitor,ChEMBL,-1.510662930415714,2.371785562215873e-60,Downregulated,Downregulated
SLC22A12,LESINURAD,inhibitor,GuideToPharmacology,-1.510662930415714,2.371785562215873e-60,Downregulated,Downregulated
SLC22A12,SULFINPYRAZONE,inhibitor,GuideToPharmacology,-1.510662930415714,2.371785562215873e-60,Downregulated,Downregulated
SLC22A12,DOTINURAD,inhibitor,GuideToPharmacology,-1.510662930415714,2.371785562215873e-60,Downregulated,Downregulated
SLC22A12,IDARUBICIN,unknown,PharmGKB,-1.510662930415714,2.371785562215873e-60,Downregulated,Downregulated
SLC22A12,GEMTUZUMAB OZOGAMICIN,unknown,PharmGKB,-1.510662930415714,2.371785562215873e-60,Downregulated,Downregulated
SLC22A12,FLUDARABINE,unknown,PharmGKB,-1.510662930415714,2.371785562215873e-60,Downregulated,Downregulated
SLC22A12,DOTINURAD,inhibitor,ChEMBL,-1.510662930415714,2.371785562215873e-60,Downregulated,Downregulated
SLC22A12,VERINURAD,inhibitor,ChEMBL,-1.510662930415714,2.371785562215873e-60,Downregulated,Downregulated
SLC22A12,PRATOSARTAN,inhibitor,ChEMBL,-1.510662930415714,2.371785562215873e-60,Downregulated,Downregulated
SLC22A12,VERINURAD,inhibitor,GuideToPharmacology,-1.510662930415714,2.371785562215873e-60,Downregulated,Downregulated
TRPM3,EPIPREGNANOLONE SULPHATE,activator,GuideToPharmacology,-1.3070444237985688,3.672906687024267e-60,Downregulated,Downregulated
TRPM3,ROSIGLITAZONE,blocker,GuideToPharmacology,-1.3070444237985688,3.672906687024267e-60,Downregulated,Downregulated
TRPM3,LA3+,blocker,GuideToPharmacology,-1.3070444237985688,3.672906687024267e-60,Downregulated,Downregulated
TRPM3,(S)-LIQUIRITIGENIN,blocker,GuideToPharmacology,-1.3070444237985688,3.672906687024267e-60,Downregulated,Downregulated
TRPM3,PRIMIDONE,blocker,GuideToPharmacology,-1.3070444237985688,3.672906687024267e-60,Downregulated,Downregulated
TRPM3,MAPROTILINE,blocker,GuideToPharmacology,-1.3070444237985688,3.672906687024267e-60,Downregulated,Downregulated
TRPM3,PREGNENOLONE SULPHATE,activator,GuideToPharmacology,-1.3070444237985688,3.672906687024267e-60,Downregulated,Downregulated
TRPM3,NIFEDIPINE,activator,GuideToPharmacology,-1.3070444237985688,3.672906687024267e-60,Downregulated,Downregulated
TRPM3,TROGLITAZONE,blocker,GuideToPharmacology,-1.3070444237985688,3.672906687024267e-60,Downregulated,Downregulated
TRPM3,PIOGLITAZONE HYDROCHLORIDE,blocker,GuideToPharmacology,-1.3070444237985688,3.672906687024267e-60,Downregulated,Downregulated
TRPM3,MEFENAMIC ACID,blocker,GuideToPharmacology,-1.3070444237985688,3.672906687024267e-60,Downregulated,Downregulated
TRPM3,HALOTHANE,blocker,GuideToPharmacology,-1.3070444237985688,3.672906687024267e-60,Downregulated,Downregulated
TRPM3,NA+,blocker,GuideToPharmacology,-1.3070444237985688,3.672906687024267e-60,Downregulated,Downregulated
TRPM3,DICLOFENAC SODIUM,blocker,GuideToPharmacology,-1.3070444237985688,3.672906687024267e-60,Downregulated,Downregulated
TRPM3,GD3+,blocker,GuideToPharmacology,-1.3070444237985688,3.672906687024267e-60,Downregulated,Downregulated
TRPM3,CHLOROFORM,blocker,GuideToPharmacology,-1.3070444237985688,3.672906687024267e-60,Downregulated,Downregulated
TRPM3,2-APB,inhibitor,GuideToPharmacology,-1.3070444237985688,3.672906687024267e-60,Downregulated,Downregulated
TRPM3,ISOSAKURANETIN,blocker,GuideToPharmacology,-1.3070444237985688,3.672906687024267e-60,Downregulated,Downregulated
TRPM3,NN-DIMETHYL-D-ERYTHROSPHINGOSINE,activator,GuideToPharmacology,-1.3070444237985688,3.672906687024267e-60,Downregulated,Downregulated
TRPM3,SPHINGOSINE,activator,GuideToPharmacology,-1.3070444237985688,3.672906687024267e-60,Downregulated,Downregulated
TRPM3,DIHYDROSPHINGOSINE,activator,GuideToPharmacology,-1.3070444237985688,3.672906687024267e-60,Downregulated,Downregulated
TRPM3,PENTAFLUORO-TRITYL CLOTRIMAZOLE ANALOGUE 29A,activator,GuideToPharmacology,-1.3070444237985688,3.672906687024267e-60,Downregulated,Downregulated
TRPM3,NARINGENIN,blocker,GuideToPharmacology,-1.3070444237985688,3.672906687024267e-60,Downregulated,Downregulated
TRPM3,CIM0216,activator,GuideToPharmacology,-1.3070444237985688,3.672906687024267e-60,Downregulated,Downregulated
IBSP,CYCLOSPORINE,unknown,NCI,2.063067522135896,5.548152446135917e-60,Upregulated,Upregulated
IBSP,TNF-ALPHA,unknown,NCI,2.063067522135896,5.548152446135917e-60,Upregulated,Upregulated
IBSP,ZOLEDRONIC ACID ANHYDROUS,unknown,NCI,2.063067522135896,5.548152446135917e-60,Upregulated,Upregulated
IBSP,DAIDZEIN,unknown,NCI,2.063067522135896,5.548152446135917e-60,Upregulated,Upregulated
IBSP,"INSULIN, REGULAR, HUMAN",unknown,NCI,2.063067522135896,5.548152446135917e-60,Upregulated,Upregulated
ADH1C,CISPLATIN,unknown,PharmGKB,-1.1149984264603106,2.6005160433809804e-59,Downregulated,Downregulated
ADH1C,NITREFAZOLE,inhibitor,ChEMBL,-1.1149984264603106,2.6005160433809804e-59,Downregulated,Downregulated
ADH1C,TRETINOIN,unknown,NCI,-1.1149984264603106,2.6005160433809804e-59,Downregulated,Downregulated
ADH1C,CYCLOPHOSPHAMIDE ANHYDROUS,unknown,PharmGKB,-1.1149984264603106,2.6005160433809804e-59,Downregulated,Downregulated
ADH1C,FOMEPIZOLE,inhibitor,TEND,-1.1149984264603106,2.6005160433809804e-59,Downregulated,Downregulated
ADH1C,NALTREXONE,unknown,PharmGKB,-1.1149984264603106,2.6005160433809804e-59,Downregulated,Downregulated
CDC25C,FLUOROURACIL,unknown,NCI,1.0292018003954126,2.6527859168196556e-59,Upregulated,Upregulated
CDC25C,CISPLATIN,unknown,NCI,1.0292018003954126,2.6527859168196556e-59,Upregulated,Upregulated
CDC25C,WITHAFERIN A,unknown,DTC,1.0292018003954126,2.6527859168196556e-59,Upregulated,Upregulated
CDC25C,QUERCETIN,unknown,NCI,1.0292018003954126,2.6527859168196556e-59,Upregulated,Upregulated
HSD17B13,BI-3231,inhibitor,GuideToPharmacology,-1.448790276770381,6.125069225739309e-59,Downregulated,Downregulated
DPP6,HALOPERIDOL DECANOATE,unknown,PharmGKB,-1.3600868284310568,8.182821239338755e-59,Downregulated,Downregulated
DPP6,DEHYDRATED ALCOHOL,unknown,PharmGKB,-1.3600868284310568,8.182821239338755e-59,Downregulated,Downregulated
ADRA1A,DISULFIRAM,unknown,PharmGKB,-1.4474562728819085,2.4174286573753478e-58,Downregulated,Downregulated
ADRA1A,MEDETOMIDINE,unknown,TTD,-1.4474562728819085,2.4174286573753478e-58,Downregulated,Downregulated
ADRA1A,PERICIAZINE,unknown,TEND,-1.4474562728819085,2.4174286573753478e-58,Downregulated,Downregulated
ADRA1A,OXYMETAZOLINE HYDROCHLORIDE,agonist,TEND,-1.4474562728819085,2.4174286573753478e-58,Downregulated,Downregulated
ADRA1A,RITANSERIN,inhibitor,GuideToPharmacology,-1.4474562728819085,2.4174286573753478e-58,Downregulated,Downregulated
ADRA1A,"ERGOLOID MESYLATES, USP",unknown,TEND,-1.4474562728819085,2.4174286573753478e-58,Downregulated,Downregulated
ADRA1A,PHENYLEPHRINE HYDROCHLORIDE,agonist,ChEMBL,-1.4474562728819085,2.4174286573753478e-58,Downregulated,Downregulated
ADRA1A,EPINEPHRINE BITARTRATE,agonist,ChEMBL,-1.4474562728819085,2.4174286573753478e-58,Downregulated,Downregulated
ADRA1A,DABUZALGRON,agonist,GuideToPharmacology,-1.4474562728819085,2.4174286573753478e-58,Downregulated,Downregulated
ADRA1A,PHENDIMETRAZINE,unknown,TEND,-1.4474562728819085,2.4174286573753478e-58,Downregulated,Downregulated
ADRA1A,ALFUZOSIN HYDROCHLORIDE,agonist,TTD,-1.4474562728819085,2.4174286573753478e-58,Downregulated,Downregulated
ADRA1A,TERAZOSIN,inhibitor,TEND,-1.4474562728819085,2.4174286573753478e-58,Downregulated,Downregulated
ADRA1A,METHOTRIMEPRAZINE,unknown,TEND,-1.4474562728819085,2.4174286573753478e-58,Downregulated,Downregulated
ADRA1A,BUNAZOSIN,inhibitor,ChEMBL,-1.4474562728819085,2.4174286573753478e-58,Downregulated,Downregulated
ADRA1A,LABETALOL,inhibitor,TEND,-1.4474562728819085,2.4174286573753478e-58,Downregulated,Downregulated
ADRA1A,ZIPRASIDONE,unknown,TEND,-1.4474562728819085,2.4174286573753478e-58,Downregulated,Downregulated
ADRA1A,DEBRISOQUIN,unknown,TEND,-1.4474562728819085,2.4174286573753478e-58,Downregulated,Downregulated
ADRA1A,HEAT (BE2254),inhibitor,GuideToPharmacology,-1.4474562728819085,2.4174286573753478e-58,Downregulated,Downregulated
ADRA1A,DRONEDARONE,unknown,TEND,-1.4474562728819085,2.4174286573753478e-58,Downregulated,Downregulated
ADRA1A,DAPIPRAZOLE HYDROCHLORIDE,inhibitor,ChEMBL,-1.4474562728819085,2.4174286573753478e-58,Downregulated,Downregulated
ADRA1A,NAN 190,inhibitor,GuideToPharmacology,-1.4474562728819085,2.4174286573753478e-58,Downregulated,Downregulated
ADRA1A,SILODOSIN,inhibitor,TEND,-1.4474562728819085,2.4174286573753478e-58,Downregulated,Downregulated
ADRA1A,BENZPHETAMINE,unknown,TEND,-1.4474562728819085,2.4174286573753478e-58,Downregulated,Downregulated
ADRA1A,5-METHYLURAPIDIL,inhibitor,GuideToPharmacology,-1.4474562728819085,2.4174286573753478e-58,Downregulated,Downregulated
ADRA1A,ERGOTAMINE TARTRATE,agonist,ChEMBL,-1.4474562728819085,2.4174286573753478e-58,Downregulated,Downregulated
ADRA1A,PIRIBEDIL,inhibitor,GuideToPharmacology,-1.4474562728819085,2.4174286573753478e-58,Downregulated,Downregulated
ADRA1A,TAMSULOSIN HYDROCHLORIDE,inhibitor,ChEMBL,-1.4474562728819085,2.4174286573753478e-58,Downregulated,Downregulated
ADRA1A,PHENYLEPHRINE BITARTRATE,agonist,ChEMBL,-1.4474562728819085,2.4174286573753478e-58,Downregulated,Downregulated
ADRA1A,PHENYLEPHRINE,agonist,TEND,-1.4474562728819085,2.4174286573753478e-58,Downregulated,Downregulated
ADRA1A,METARAMINOL,unknown,TEND,-1.4474562728819085,2.4174286573753478e-58,Downregulated,Downregulated
ADRA1A,TAMSULOSIN HYDROCHLORIDE,inhibitor,TEND,-1.4474562728819085,2.4174286573753478e-58,Downregulated,Downregulated
ADRA1A,MIDODRINE,unknown,TEND,-1.4474562728819085,2.4174286573753478e-58,Downregulated,Downregulated
ADRA1A,PRAZOSIN HYDROCHLORIDE,inhibitor,ChEMBL,-1.4474562728819085,2.4174286573753478e-58,Downregulated,Downregulated
ADRA1A,METHAMPHETAMINE,unknown,TEND,-1.4474562728819085,2.4174286573753478e-58,Downregulated,Downregulated
ADRA1A,DOPAMINE,unknown,PharmGKB,-1.4474562728819085,2.4174286573753478e-58,Downregulated,Downregulated
ADRA1A,RAUWOLFIA SERPENTINA,inhibitor,ChEMBL,-1.4474562728819085,2.4174286573753478e-58,Downregulated,Downregulated
ADRA1A,PROPIOMAZINE,unknown,TEND,-1.4474562728819085,2.4174286573753478e-58,Downregulated,Downregulated
ADRA1A,SNAP5089,inhibitor,GuideToPharmacology,-1.4474562728819085,2.4174286573753478e-58,Downregulated,Downregulated
ADRA1A,XYLOMETAZOLINE HYDROCHLORIDE,agonist,ChEMBL,-1.4474562728819085,2.4174286573753478e-58,Downregulated,Downregulated
ADRA1A,AMIODARONE HYDROCHLORIDE,unknown,TEND,-1.4474562728819085,2.4174286573753478e-58,Downregulated,Downregulated
ADRA1A,CLOMIPRAMINE,inhibitor,GuideToPharmacology,-1.4474562728819085,2.4174286573753478e-58,Downregulated,Downregulated
ADRA1A,TERGURIDE,inhibitor,GuideToPharmacology,-1.4474562728819085,2.4174286573753478e-58,Downregulated,Downregulated
ADRA1A,NICERGOLINE,unknown,TEND,-1.4474562728819085,2.4174286573753478e-58,Downregulated,Downregulated
ADRA1A,A61603,agonist,GuideToPharmacology,-1.4474562728819085,2.4174286573753478e-58,Downregulated,Downregulated
ADRA1A,A-123189,inhibitor,GuideToPharmacology,-1.4474562728819085,2.4174286573753478e-58,Downregulated,Downregulated
ADRA1A,MIDODRINE HYDROCHLORIDE,agonist,ChEMBL,-1.4474562728819085,2.4174286573753478e-58,Downregulated,Downregulated
ADRA1A,PARDOPRUNOX,unknown,TdgClinicalTrial,-1.4474562728819085,2.4174286573753478e-58,Downregulated,Downregulated
ADRA1A,NAFTOPIDIL,unknown,TTD,-1.4474562728819085,2.4174286573753478e-58,Downregulated,Downregulated
ADRA1A,LABETALOL HYDROCHLORIDE,inhibitor,ChEMBL,-1.4474562728819085,2.4174286573753478e-58,Downregulated,Downregulated
ADRA1A,ASENAPINE,unknown,TdgClinicalTrial,-1.4474562728819085,2.4174286573753478e-58,Downregulated,Downregulated
ADRA1A,SERTINDOLE,inhibitor,TEND,-1.4474562728819085,2.4174286573753478e-58,Downregulated,Downregulated
ADRA1A,DIPIVEFRIN HYDROCHLORIDE,agonist,ChEMBL,-1.4474562728819085,2.4174286573753478e-58,Downregulated,Downregulated
ADRA1A,PHENOXYBENZAMINE,unknown,TEND,-1.4474562728819085,2.4174286573753478e-58,Downregulated,Downregulated
ADRA1A,RS-17053,inhibitor,GuideToPharmacology,-1.4474562728819085,2.4174286573753478e-58,Downregulated,Downregulated
ADRA1A,MIANSERIN,inhibitor,GuideToPharmacology,-1.4474562728819085,2.4174286573753478e-58,Downregulated,Downregulated
ADRA1A,LISURIDE,inhibitor,GuideToPharmacology,-1.4474562728819085,2.4174286573753478e-58,Downregulated,Downregulated
ADRA1A,(+)-ADRENALINE,agonist,GuideToPharmacology,-1.4474562728819085,2.4174286573753478e-58,Downregulated,Downregulated
ADRA1A,EPHEDRINE SULFATE,agonist,ChEMBL,-1.4474562728819085,2.4174286573753478e-58,Downregulated,Downregulated
ADRA1A,UPIDOSIN,inhibitor,GuideToPharmacology,-1.4474562728819085,2.4174286573753478e-58,Downregulated,Downregulated
ADRA1A,PHENYLPROPANOLAMINE POLISTIREX,agonist,ChEMBL,-1.4474562728819085,2.4174286573753478e-58,Downregulated,Downregulated
ADRA1A,METHOXAMINE HYDROCHLORIDE,agonist,ChEMBL,-1.4474562728819085,2.4174286573753478e-58,Downregulated,Downregulated
ADRA1A,NAPHAZOLINE HYDROCHLORIDE,agonist,ChEMBL,-1.4474562728819085,2.4174286573753478e-58,Downregulated,Downregulated
ADRA1A,NEFAZODONE,unknown,TEND,-1.4474562728819085,2.4174286573753478e-58,Downregulated,Downregulated
ADRA1A,NIFEDIPINE,unknown,PharmGKB,-1.4474562728819085,2.4174286573753478e-58,Downregulated,Downregulated
ADRA1A,SENREBOTASE,unknown,TdgClinicalTrial,-1.4474562728819085,2.4174286573753478e-58,Downregulated,Downregulated
ADRA1A,A-119637,inhibitor,GuideToPharmacology,-1.4474562728819085,2.4174286573753478e-58,Downregulated,Downregulated
ADRA1A,MT-1207,inhibitor,GuideToPharmacology,-1.4474562728819085,2.4174286573753478e-58,Downregulated,Downregulated
ADRA1A,PHENOXYBENZAMINE HYDROCHLORIDE,inhibitor,ChEMBL,-1.4474562728819085,2.4174286573753478e-58,Downregulated,Downregulated
ADRA1A,NS-49,agonist,GuideToPharmacology,-1.4474562728819085,2.4174286573753478e-58,Downregulated,Downregulated
ADRA1A,METHOXAMINE,agonist,TEND,-1.4474562728819085,2.4174286573753478e-58,Downregulated,Downregulated
ADRA1A,PSEUDOEPHEDRINE POLISTIREX,unknown,TEND,-1.4474562728819085,2.4174286573753478e-58,Downregulated,Downregulated
ADRA1A,BUCINDOLOL HYDROCHLORIDE,inhibitor,ChEMBL,-1.4474562728819085,2.4174286573753478e-58,Downregulated,Downregulated
ADRA1A,CYPROHEPTADINE HYDROCHLORIDE,inhibitor,GuideToPharmacology,-1.4474562728819085,2.4174286573753478e-58,Downregulated,Downregulated
ADRA1A,ILOPERIDONE,unknown,TdgClinicalTrial,-1.4474562728819085,2.4174286573753478e-58,Downregulated,Downregulated
ADRA1A,ROXINDOLE,inhibitor,GuideToPharmacology,-1.4474562728819085,2.4174286573753478e-58,Downregulated,Downregulated
ADRA1A,ISOXSUPRINE HYDROCHLORIDE,inhibitor,ChEMBL,-1.4474562728819085,2.4174286573753478e-58,Downregulated,Downregulated
ADRA1A,ISOPROTERENOL,unknown,PharmGKB,-1.4474562728819085,2.4174286573753478e-58,Downregulated,Downregulated
ADRA1A,TEDATIOXETINE,inhibitor,ChEMBL,-1.4474562728819085,2.4174286573753478e-58,Downregulated,Downregulated
ADRA1A,AMITRIPTYLINE HYDROCHLORIDE,inhibitor,GuideToPharmacology,-1.4474562728819085,2.4174286573753478e-58,Downregulated,Downregulated
ADRA1A,TERAZOSIN HYDROCHLORIDE,inhibitor,ChEMBL,-1.4474562728819085,2.4174286573753478e-58,Downregulated,Downregulated
ADRA1A,BESIPIRDINE,unknown,TTD,-1.4474562728819085,2.4174286573753478e-58,Downregulated,Downregulated
ADRA1A,CABERGOLINE,inhibitor,GuideToPharmacology,-1.4474562728819085,2.4174286573753478e-58,Downregulated,Downregulated
ADRA1A,RAUWOLFIA SERPENTINA (USP),inhibitor,ChEMBL,-1.4474562728819085,2.4174286573753478e-58,Downregulated,Downregulated
ADRA1A,MEPHENTERMINE SULFATE,agonist,ChEMBL,-1.4474562728819085,2.4174286573753478e-58,Downregulated,Downregulated
ADRA1A,MEPHENTERMINE,unknown,TEND,-1.4474562728819085,2.4174286573753478e-58,Downregulated,Downregulated
ADRA1A,RO-70-0004,inhibitor,GuideToPharmacology,-1.4474562728819085,2.4174286573753478e-58,Downregulated,Downregulated
ADRA1A,DOXAZOSIN MESYLATE,inhibitor,ChEMBL,-1.4474562728819085,2.4174286573753478e-58,Downregulated,Downregulated
ADRA1A,KETANSERIN,inhibitor,GuideToPharmacology,-1.4474562728819085,2.4174286573753478e-58,Downregulated,Downregulated
ADRA1A,CARVEDILOL PHOSPHATE,inhibitor,ChEMBL,-1.4474562728819085,2.4174286573753478e-58,Downregulated,Downregulated
ADRA1A,NORTRIPTYLINE,inhibitor,GuideToPharmacology,-1.4474562728819085,2.4174286573753478e-58,Downregulated,Downregulated
ADRA1A,NAPHAZOLINE,agonist,GuideToPharmacology,-1.4474562728819085,2.4174286573753478e-58,Downregulated,Downregulated
ADRA1A,TEDATIOXETINE,unknown,TdgClinicalTrial,-1.4474562728819085,2.4174286573753478e-58,Downregulated,Downregulated
ADRA1A,BODIPY FL-PRAZOSIN,inhibitor,GuideToPharmacology,-1.4474562728819085,2.4174286573753478e-58,Downregulated,Downregulated
ADRA1A,RISPERIDONE,inhibitor,GuideToPharmacology,-1.4474562728819085,2.4174286573753478e-58,Downregulated,Downregulated
ADRA1A,BETHANIDINE,unknown,TEND,-1.4474562728819085,2.4174286573753478e-58,Downregulated,Downregulated
ADRA1A,TOLAZOLINE,unknown,TEND,-1.4474562728819085,2.4174286573753478e-58,Downregulated,Downregulated
ADRA1A,DAPIPRAZOLE,unknown,TEND,-1.4474562728819085,2.4174286573753478e-58,Downregulated,Downregulated
ADRA1A,PHENYLPROPANOLAMINE,unknown,TEND,-1.4474562728819085,2.4174286573753478e-58,Downregulated,Downregulated
ADRA1A,LISDEXAMFETAMINE DIMESYLATE,unknown,TEND,-1.4474562728819085,2.4174286573753478e-58,Downregulated,Downregulated
ADRA1A,THIORIDAZINE,unknown,TEND,-1.4474562728819085,2.4174286573753478e-58,Downregulated,Downregulated
ADRA1A,EPHEDRINE,unknown,TEND,-1.4474562728819085,2.4174286573753478e-58,Downregulated,Downregulated
ADRA1A,TRAZODONE,unknown,TEND,-1.4474562728819085,2.4174286573753478e-58,Downregulated,Downregulated
ADRA1A,CLOZAPINE,inhibitor,GuideToPharmacology,-1.4474562728819085,2.4174286573753478e-58,Downregulated,Downregulated
ADRA1A,PRAZOSIN,inhibitor,TEND,-1.4474562728819085,2.4174286573753478e-58,Downregulated,Downregulated
ADRA1A,RS-100329,inhibitor,GuideToPharmacology,-1.4474562728819085,2.4174286573753478e-58,Downregulated,Downregulated
ADRA1A,EPINEPHRINE,agonist,TEND,-1.4474562728819085,2.4174286573753478e-58,Downregulated,Downregulated
ADRA1A,ERGOLOID MESYLATES,inhibitor,ChEMBL,-1.4474562728819085,2.4174286573753478e-58,Downregulated,Downregulated
ADRA1A,WB 4101,inhibitor,GuideToPharmacology,-1.4474562728819085,2.4174286573753478e-58,Downregulated,Downregulated
ADRA1A,TOLAZOLINE HYDROCHLORIDE,inhibitor,ChEMBL,-1.4474562728819085,2.4174286573753478e-58,Downregulated,Downregulated
ADRA1A,DROXIDOPA,agonist,ChEMBL,-1.4474562728819085,2.4174286573753478e-58,Downregulated,Downregulated
ADRA1A,TETRAHYDROZOLINE HYDROCHLORIDE,agonist,ChEMBL,-1.4474562728819085,2.4174286573753478e-58,Downregulated,Downregulated
ADRA1A,DEXTROAMPHETAMINE SULFATE,unknown,TEND,-1.4474562728819085,2.4174286573753478e-58,Downregulated,Downregulated
ADRA1A,NOREPINEPHRINE,agonist,TEND,-1.4474562728819085,2.4174286573753478e-58,Downregulated,Downregulated
ADRA1A,CARVEDILOL,inhibitor,TEND,-1.4474562728819085,2.4174286573753478e-58,Downregulated,Downregulated
ADRA1A,OXYMETAZOLINE HYDROCHLORIDE,agonist,ChEMBL,-1.4474562728819085,2.4174286573753478e-58,Downregulated,Downregulated
ADRA1A,HYDROXYAMPHETAMINE HYDROBROMIDE,agonist,ChEMBL,-1.4474562728819085,2.4174286573753478e-58,Downregulated,Downregulated
ADRA1A,SPIROXATRINE,inhibitor,GuideToPharmacology,-1.4474562728819085,2.4174286573753478e-58,Downregulated,Downregulated
ADRA1A,AVIPTADIL,inhibitor,ChEMBL,-1.4474562728819085,2.4174286573753478e-58,Downregulated,Downregulated
ADRA1A,EPHEDRINE HYDROCHLORIDE,agonist,ChEMBL,-1.4474562728819085,2.4174286573753478e-58,Downregulated,Downregulated
ADRA1A,INDORAMIN,inhibitor,GuideToPharmacology,-1.4474562728819085,2.4174286573753478e-58,Downregulated,Downregulated
ADRA1A,&RHO;-DA1A,inhibitor,GuideToPharmacology,-1.4474562728819085,2.4174286573753478e-58,Downregulated,Downregulated
ADRA1A,ALFUZOSIN,inhibitor,TEND,-1.4474562728819085,2.4174286573753478e-58,Downregulated,Downregulated
ADRA1A,BMY-7378,inhibitor,GuideToPharmacology,-1.4474562728819085,2.4174286573753478e-58,Downregulated,Downregulated
ADRA1A,METARAMINOL BITARTRATE,agonist,ChEMBL,-1.4474562728819085,2.4174286573753478e-58,Downregulated,Downregulated
ADRA1A,[125I]HEAT (BE2254),inhibitor,GuideToPharmacology,-1.4474562728819085,2.4174286573753478e-58,Downregulated,Downregulated
ADRA1A,(+)-CYCLAZOSIN,inhibitor,GuideToPharmacology,-1.4474562728819085,2.4174286573753478e-58,Downregulated,Downregulated
ADRA1A,OLANZAPINE,unknown,TdgClinicalTrial,-1.4474562728819085,2.4174286573753478e-58,Downregulated,Downregulated
ADRA1A,PHENYLPROPANOLAMINE HYDROCHLORIDE,agonist,ChEMBL,-1.4474562728819085,2.4174286573753478e-58,Downregulated,Downregulated
ADRA1A,SPIPERONE,inhibitor,GuideToPharmacology,-1.4474562728819085,2.4174286573753478e-58,Downregulated,Downregulated
ADRA1A,DOXAZOSIN MESYLATE,inhibitor,TEND,-1.4474562728819085,2.4174286573753478e-58,Downregulated,Downregulated
ADRA1A,TRIFLUOPERAZINE,unknown,TEND,-1.4474562728819085,2.4174286573753478e-58,Downregulated,Downregulated
ADRA1A,CIRAZOLINE,agonist,GuideToPharmacology,-1.4474562728819085,2.4174286573753478e-58,Downregulated,Downregulated
ADRA1A,NIGULDIPINE,inhibitor,GuideToPharmacology,-1.4474562728819085,2.4174286573753478e-58,Downregulated,Downregulated
ADRA1A,NOREPINEPHRINE BITARTRATE,agonist,ChEMBL,-1.4474562728819085,2.4174286573753478e-58,Downregulated,Downregulated
ADRA1A,PROMAZINE,unknown,TEND,-1.4474562728819085,2.4174286573753478e-58,Downregulated,Downregulated
ADRA1A,PHENTOLAMINE,inhibitor,TdgClinicalTrial,-1.4474562728819085,2.4174286573753478e-58,Downregulated,Downregulated
ADRA1A,MOXISYLYTE,inhibitor,ChEMBL,-1.4474562728819085,2.4174286573753478e-58,Downregulated,Downregulated
ADRA1A,PHENTOLAMINE MESYLATE,inhibitor,ChEMBL,-1.4474562728819085,2.4174286573753478e-58,Downregulated,Downregulated
ADRA1A,TRIMIPRAMINE MALEATE,inhibitor,ChEMBL,-1.4474562728819085,2.4174286573753478e-58,Downregulated,Downregulated
ALDH1L1,METHIONINE,unknown,PharmGKB,-1.1005081384620008,9.673358152988935e-58,Downregulated,Downregulated
ALDH1L1,METHYLPHENIDATE,unknown,PharmGKB,-1.1005081384620008,9.673358152988935e-58,Downregulated,Downregulated
ADH1A,FOMEPIZOLE,inhibitor,TEND,-1.4818440909061537,1.5626083207678623e-57,Downregulated,Downregulated
ADH1A,ACETALDEHYDE,unknown,PharmGKB,-1.4818440909061537,1.5626083207678623e-57,Downregulated,Downregulated
ADH1A,CYTARABINE,unknown,PharmGKB,-1.4818440909061537,1.5626083207678623e-57,Downregulated,Downregulated
ADH1A,ABACAVIR,unknown,PharmGKB,-1.4818440909061537,1.5626083207678623e-57,Downregulated,Downregulated
ADH1A,FLUDARABINE,unknown,PharmGKB,-1.4818440909061537,1.5626083207678623e-57,Downregulated,Downregulated
ADH1A,IDARUBICIN,unknown,PharmGKB,-1.4818440909061537,1.5626083207678623e-57,Downregulated,Downregulated
ADH1A,NITREFAZOLE,inhibitor,ChEMBL,-1.4818440909061537,1.5626083207678623e-57,Downregulated,Downregulated
ADH1A,GEMTUZUMAB OZOGAMICIN,unknown,PharmGKB,-1.4818440909061537,1.5626083207678623e-57,Downregulated,Downregulated
AQP7,AUPHEN,inhibitor,GuideToPharmacology,-1.1492750969244376,2.691731994481624e-57,Downregulated,Downregulated
AQP7,HG2+,inhibitor,GuideToPharmacology,-1.1492750969244376,2.691731994481624e-57,Downregulated,Downregulated
AQP7,"INSULIN, REGULAR, HUMAN",unknown,NCI,-1.1492750969244376,2.691731994481624e-57,Downregulated,Downregulated
ABCB5,HALOPERIDOL DECANOATE,unknown,PharmGKB,-1.2636119600889764,3.268960392644398e-57,Downregulated,Downregulated
LHCGR,CHORIONIC GONADOTROPIN,agonist,ChEMBL,-1.620295343146212,3.734108374641025e-57,Downregulated,Downregulated
LHCGR,LUTROPIN ALFA,agonist,TEND,-1.620295343146212,3.734108374641025e-57,Downregulated,Downregulated
LHCGR,CHORIOGONADOTROPIN ALFA,unknown,TEND,-1.620295343146212,3.734108374641025e-57,Downregulated,Downregulated
LHCGR,HCG,agonist,GuideToPharmacology,-1.620295343146212,3.734108374641025e-57,Downregulated,Downregulated
LHCGR,UROFOLLITROPIN,agonist,ChEMBL,-1.620295343146212,3.734108374641025e-57,Downregulated,Downregulated
LHCGR,RELUGOLIX,unknown,TTD,-1.620295343146212,3.734108374641025e-57,Downregulated,Downregulated
LHCGR,[125I]LH,agonist,GuideToPharmacology,-1.620295343146212,3.734108374641025e-57,Downregulated,Downregulated
LHCGR,LH (MENOTROPINS),agonist,ChEMBL,-1.620295343146212,3.734108374641025e-57,Downregulated,Downregulated
LHCGR,GTX-758,unknown,TdgClinicalTrial,-1.620295343146212,3.734108374641025e-57,Downregulated,Downregulated
LHCGR,"GONADOTROPIN, CHORIONIC",agonist,TTD,-1.620295343146212,3.734108374641025e-57,Downregulated,Downregulated
LHCGR,CHEMBL:CHEMBL448753,unknown,DTC,-1.620295343146212,3.734108374641025e-57,Downregulated,Downregulated
LHCGR,CTP-37-DT VACCINE,unknown,TdgClinicalTrial,-1.620295343146212,3.734108374641025e-57,Downregulated,Downregulated
LHCGR,[125I]CHORIONIC GONADOTROPIN (HUMAN),agonist,GuideToPharmacology,-1.620295343146212,3.734108374641025e-57,Downregulated,Downregulated
LHCGR,CHEMBL:CHEMBL505670,unknown,DTC,-1.620295343146212,3.734108374641025e-57,Downregulated,Downregulated
LHCGR,CHEMBL:CHEMBL429095,unknown,DTC,-1.620295343146212,3.734108374641025e-57,Downregulated,Downregulated
LHCGR,FOLLICLE STIMULATING HORMONE,unknown,TEND,-1.620295343146212,3.734108374641025e-57,Downregulated,Downregulated
LHCGR,GOSERELIN,unknown,TEND,-1.620295343146212,3.734108374641025e-57,Downregulated,Downregulated
COL11A1,OCRIPLASMIN,cleavage,ChEMBL,1.0244518074978095,6.568129057845941e-57,Upregulated,Upregulated
COL11A1,COLLAGENASE CLOSTRIDIUM HISTOLYTICUM,cleavage,ChEMBL,1.0244518074978095,6.568129057845941e-57,Upregulated,Upregulated
ADH4,NITREFAZOLE,inhibitor,ChEMBL,-1.576312867991189,7.51557751586095e-57,Downregulated,Downregulated
ADH4,DEHYDRATED ALCOHOL,unknown,NCI,-1.576312867991189,7.51557751586095e-57,Downregulated,Downregulated
APOB,ATORVASTATIN CALCIUM TRIHYDRATE,unknown,NCI,-1.4977286489728605,1.2265980950218924e-56,Downregulated,Downregulated
APOB,QUERCETIN,unknown,NCI,-1.4977286489728605,1.2265980950218924e-56,Downregulated,Downregulated
APOB,CHOLESTYRAMINE RESIN,unknown,NCI,-1.4977286489728605,1.2265980950218924e-56,Downregulated,Downregulated
APOB,TRIFLUOPERAZINE HYDROCHLORIDE,unknown,NCI,-1.4977286489728605,1.2265980950218924e-56,Downregulated,Downregulated
APOB,HYDROCORTISONE BUTYRATE,unknown,NCI,-1.4977286489728605,1.2265980950218924e-56,Downregulated,Downregulated
APOB,DEHYDRATED ALCOHOL,unknown,NCI,-1.4977286489728605,1.2265980950218924e-56,Downregulated,Downregulated
APOB,DABIGATRAN,unknown,PharmGKB,-1.4977286489728605,1.2265980950218924e-56,Downregulated,Downregulated
APOB,NEVIRAPINE,unknown,NCI,-1.4977286489728605,1.2265980950218924e-56,Downregulated,Downregulated
APOB,RIVAROXABAN,unknown,PharmGKB,-1.4977286489728605,1.2265980950218924e-56,Downregulated,Downregulated
APOB,MIPOMERSEN,unknown,TdgClinicalTrial,-1.4977286489728605,1.2265980950218924e-56,Downregulated,Downregulated
APOB,INCLISIRAN,unknown,PharmGKB,-1.4977286489728605,1.2265980950218924e-56,Downregulated,Downregulated
APOB,FENOFIBRATE MICRONIZED,unknown,PharmGKB,-1.4977286489728605,1.2265980950218924e-56,Downregulated,Downregulated
APOB,DEXAMETHASONE,unknown,NCI,-1.4977286489728605,1.2265980950218924e-56,Downregulated,Downregulated
APOB,PRAVASTATIN SODIUM,unknown,NCI,-1.4977286489728605,1.2265980950218924e-56,Downregulated,Downregulated
APOB,HEPARIN,unknown,NCI,-1.4977286489728605,1.2265980950218924e-56,Downregulated,Downregulated
APOB,D-ALPHA-TOCOPHEROL,unknown,NCI,-1.4977286489728605,1.2265980950218924e-56,Downregulated,Downregulated
APOB,PITAVASTATIN,unknown,PharmGKB,-1.4977286489728605,1.2265980950218924e-56,Downregulated,Downregulated
APOB,LOMITAPIDE MESYLATE,unknown,PharmGKB,-1.4977286489728605,1.2265980950218924e-56,Downregulated,Downregulated
APOB,IRBESARTAN,unknown,PharmGKB,-1.4977286489728605,1.2265980950218924e-56,Downregulated,Downregulated
APOB,REVERSE TRANSCRIPTASE INHIBITOR,unknown,NCI,-1.4977286489728605,1.2265980950218924e-56,Downregulated,Downregulated
APOB,LOVASTATIN,unknown,NCI,-1.4977286489728605,1.2265980950218924e-56,Downregulated,Downregulated
APOB,EPIGALLOCATECHIN GALLATE,unknown,NCI,-1.4977286489728605,1.2265980950218924e-56,Downregulated,Downregulated
APOB,APIXABAN,unknown,PharmGKB,-1.4977286489728605,1.2265980950218924e-56,Downregulated,Downregulated
APOB,EDOXABAN,unknown,PharmGKB,-1.4977286489728605,1.2265980950218924e-56,Downregulated,Downregulated
DCT,AMPHOTERICIN B LIPOSOMAL,unknown,NCI,-1.372659996997153,1.569739925485139e-56,Downregulated,Downregulated
MMP13,BATIMASTAT,inhibitor,GuideToPharmacology,1.6301422580911142,9.98353486920283e-56,Upregulated,Upregulated
MMP13,DOXYCYCLINE MONOHYDRATE,inhibitor,ChEMBL,1.6301422580911142,9.98353486920283e-56,Upregulated,Upregulated
MMP13,APRATASTAT,inhibitor,GuideToPharmacology,1.6301422580911142,9.98353486920283e-56,Upregulated,Upregulated
MMP13,PRINOMASTAT,vaccine,GuideToPharmacology,1.6301422580911142,9.98353486920283e-56,Upregulated,Upregulated
MMP13,COMPOUND 15 [PMID: 22017539],inhibitor,GuideToPharmacology,1.6301422580911142,9.98353486920283e-56,Upregulated,Upregulated
MMP13,CL82198,inhibitor,GuideToPharmacology,1.6301422580911142,9.98353486920283e-56,Upregulated,Upregulated
MMP13,[18F]FMBP,inhibitor,GuideToPharmacology,1.6301422580911142,9.98353486920283e-56,Upregulated,Upregulated
MMP13,REBIMASTAT,inhibitor,ChEMBL,1.6301422580911142,9.98353486920283e-56,Upregulated,Upregulated
MMP13,MARIMASTAT,inhibitor,GuideToPharmacology,1.6301422580911142,9.98353486920283e-56,Upregulated,Upregulated
MMP13,DOXYCYCLINE CALCIUM,inhibitor,ChEMBL,1.6301422580911142,9.98353486920283e-56,Upregulated,Upregulated
MMP13,AZD6605,inhibitor,GuideToPharmacology,1.6301422580911142,9.98353486920283e-56,Upregulated,Upregulated
MMP13,SL422,inhibitor,GuideToPharmacology,1.6301422580911142,9.98353486920283e-56,Upregulated,Upregulated
MMP13,RIVAROXABAN,unknown,PharmGKB,1.6301422580911142,9.98353486920283e-56,Upregulated,Upregulated
MMP13,TP0556351,inhibitor,GuideToPharmacology,1.6301422580911142,9.98353486920283e-56,Upregulated,Upregulated
MMP13,DOXYCYCLINE HYCLATE,inhibitor,ChEMBL,1.6301422580911142,9.98353486920283e-56,Upregulated,Upregulated
MMP13,CURCUMIN,unknown,TTD,1.6301422580911142,9.98353486920283e-56,Upregulated,Upregulated
MMP13,MMP13 TRACER  [18F]5J,inhibitor,GuideToPharmacology,1.6301422580911142,9.98353486920283e-56,Upregulated,Upregulated
MMP13,"5-(2-ETHOXYETHYL)-5-[4-(4-FLUOROPHENOXY)PHENOXY]PYRIMIDINE-2,4,6(1H,3H,5H)-TRIONE",inhibitor,GuideToPharmacology,1.6301422580911142,9.98353486920283e-56,Upregulated,Upregulated
MMP13,CTS-1027,inhibitor,ChEMBL,1.6301422580911142,9.98353486920283e-56,Upregulated,Upregulated
MMP13,PF-152,inhibitor,GuideToPharmacology,1.6301422580911142,9.98353486920283e-56,Upregulated,Upregulated
MMP13,ILOMASTAT,inhibitor,GuideToPharmacology,1.6301422580911142,9.98353486920283e-56,Upregulated,Upregulated
MMP13,WAY170523,inhibitor,GuideToPharmacology,1.6301422580911142,9.98353486920283e-56,Upregulated,Upregulated
KCNB1,NERISPIRDINE,blocker,ChEMBL,-1.0088249829423952,4.013862945713433e-55,Downregulated,Downregulated
KCNB1,AMIFAMPRIDINE PHOSPHATE,blocker,ChEMBL,-1.0088249829423952,4.013862945713433e-55,Downregulated,Downregulated
KCNB1,DALFAMPRIDINE,blocker,ChEMBL,-1.0088249829423952,4.013862945713433e-55,Downregulated,Downregulated
KCNB1,AMIFAMPRIDINE,blocker,ChEMBL,-1.0088249829423952,4.013862945713433e-55,Downregulated,Downregulated
KCNB1,RY796,inhibitor,GuideToPharmacology,-1.0088249829423952,4.013862945713433e-55,Downregulated,Downregulated
KCNB1,"3-BICYCLO[2.2.1]HEPT-2-YL-BENZENE-1,2-DIOL",blocker,GuideToPharmacology,-1.0088249829423952,4.013862945713433e-55,Downregulated,Downregulated
KCNB1,RY785,inhibitor,GuideToPharmacology,-1.0088249829423952,4.013862945713433e-55,Downregulated,Downregulated
KCNB1,LINOLEIC ACID,activator,GuideToPharmacology,-1.0088249829423952,4.013862945713433e-55,Downregulated,Downregulated
KCNB1,GUANIDINE HYDROCHLORIDE,blocker,ChEMBL,-1.0088249829423952,4.013862945713433e-55,Downregulated,Downregulated
KCNB1,TEDISAMIL,blocker,ChEMBL,-1.0088249829423952,4.013862945713433e-55,Downregulated,Downregulated
KCNB1,GXTX-1E,inhibitor,GuideToPharmacology,-1.0088249829423952,4.013862945713433e-55,Downregulated,Downregulated
NPY2R,PEPTIDE YY,agonist,TdgClinicalTrial,-1.7120471154697672,7.465306089987357e-55,Downregulated,Downregulated
NPY2R,[125I]PYY-(3-36) (HUMAN),agonist,GuideToPharmacology,-1.7120471154697672,7.465306089987357e-55,Downregulated,Downregulated
NPY2R,NPY-(16-36) (PIG),agonist,GuideToPharmacology,-1.7120471154697672,7.465306089987357e-55,Downregulated,Downregulated
NPY2R,NPY-(2-36),agonist,GuideToPharmacology,-1.7120471154697672,7.465306089987357e-55,Downregulated,Downregulated
NPY2R,CHEMBL:CHEMBL1585652,unknown,DTC,-1.7120471154697672,7.465306089987357e-55,Downregulated,Downregulated
NPY2R,"[LEU31,PRO34]NPY",agonist,GuideToPharmacology,-1.7120471154697672,7.465306089987357e-55,Downregulated,Downregulated
NPY2R,PEPTIDE YY (3-36),unknown,TdgClinicalTrial,-1.7120471154697672,7.465306089987357e-55,Downregulated,Downregulated
NPY2R,NPY-(3-36) (PIG),agonist,GuideToPharmacology,-1.7120471154697672,7.465306089987357e-55,Downregulated,Downregulated
NPY2R,PEPTIDE YY,agonist,GuideToPharmacology,-1.7120471154697672,7.465306089987357e-55,Downregulated,Downregulated
NPY2R,"[LEU31,PRO34]NPY (PIG)",agonist,GuideToPharmacology,-1.7120471154697672,7.465306089987357e-55,Downregulated,Downregulated
NPY2R,"[125I]NPY (HUMAN, MOUSE, RAT)",agonist,GuideToPharmacology,-1.7120471154697672,7.465306089987357e-55,Downregulated,Downregulated
NPY2R,N6-PHENYLADENOSINE,unknown,DTC,-1.7120471154697672,7.465306089987357e-55,Downregulated,Downregulated
NPY2R,[PRO34]PYY (HUMAN),agonist,GuideToPharmacology,-1.7120471154697672,7.465306089987357e-55,Downregulated,Downregulated
NPY2R,OBINEPITIDE,unknown,TTD,-1.7120471154697672,7.465306089987357e-55,Downregulated,Downregulated
NPY2R,"[LEU31,PRO34]PYY (HUMAN)",agonist,GuideToPharmacology,-1.7120471154697672,7.465306089987357e-55,Downregulated,Downregulated
NPY2R,ECONAZOLE NITRATE,unknown,DTC,-1.7120471154697672,7.465306089987357e-55,Downregulated,Downregulated
NPY2R,NPY-(26-36) (PIG),agonist,GuideToPharmacology,-1.7120471154697672,7.465306089987357e-55,Downregulated,Downregulated
NPY2R,NPY-(2-36) (PIG),agonist,GuideToPharmacology,-1.7120471154697672,7.465306089987357e-55,Downregulated,Downregulated
NPY2R,PEPTIDE YY HUMAN (3-36),agonist,ChEMBL,-1.7120471154697672,7.465306089987357e-55,Downregulated,Downregulated
NPY2R,[125I]PYY,agonist,GuideToPharmacology,-1.7120471154697672,7.465306089987357e-55,Downregulated,Downregulated
NPY2R,"PYY-(13-36) (MOUSE, RAT, PIG)",agonist,GuideToPharmacology,-1.7120471154697672,7.465306089987357e-55,Downregulated,Downregulated
NPY2R,NPY-(20-36) (PIG),agonist,GuideToPharmacology,-1.7120471154697672,7.465306089987357e-55,Downregulated,Downregulated
NPY2R,PYY-(3-36),agonist,GuideToPharmacology,-1.7120471154697672,7.465306089987357e-55,Downregulated,Downregulated
NPY2R,NEUROPEPTIDE-Y,unknown,TTD,-1.7120471154697672,7.465306089987357e-55,Downregulated,Downregulated
NPY2R,JNJ-5207787,inhibitor,GuideToPharmacology,-1.7120471154697672,7.465306089987357e-55,Downregulated,Downregulated
NPY2R,SF-11 [PMID: 31267743],inhibitor,GuideToPharmacology,-1.7120471154697672,7.465306089987357e-55,Downregulated,Downregulated
NPY2R,[D-TRP32]NPY,agonist,GuideToPharmacology,-1.7120471154697672,7.465306089987357e-55,Downregulated,Downregulated
NPY2R,BIIE0246,inhibitor,GuideToPharmacology,-1.7120471154697672,7.465306089987357e-55,Downregulated,Downregulated
NPY2R,"[ALA31,AIB32]NPY (PIG)",agonist,GuideToPharmacology,-1.7120471154697672,7.465306089987357e-55,Downregulated,Downregulated
NPY2R,NEUROPEPTIDE Y-(3-36),agonist,GuideToPharmacology,-1.7120471154697672,7.465306089987357e-55,Downregulated,Downregulated
NPY2R,NPY-(22-36) (PIG),agonist,GuideToPharmacology,-1.7120471154697672,7.465306089987357e-55,Downregulated,Downregulated
NPY2R,NPY-(13-36) (PIG),agonist,GuideToPharmacology,-1.7120471154697672,7.465306089987357e-55,Downregulated,Downregulated
NPY2R,NPY,agonist,GuideToPharmacology,-1.7120471154697672,7.465306089987357e-55,Downregulated,Downregulated
NPY2R,C2-NPY (PIG),agonist,GuideToPharmacology,-1.7120471154697672,7.465306089987357e-55,Downregulated,Downregulated
NPY2R,OBINEPITIDE,unknown,TdgClinicalTrial,-1.7120471154697672,7.465306089987357e-55,Downregulated,Downregulated
NPY2R,NEUROPEPTIDE Y,agonist,GuideToPharmacology,-1.7120471154697672,7.465306089987357e-55,Downregulated,Downregulated
LEP,METRELEPTIN,unknown,PharmGKB,-1.3211505631215674,2.203585619730884e-54,Downregulated,Downregulated
LEP,CARVEDILOL,unknown,NCI,-1.3211505631215674,2.203585619730884e-54,Downregulated,Downregulated
LEP,RISPERIDONE,unknown,NCI,-1.3211505631215674,2.203585619730884e-54,Downregulated,Downregulated
LEP,LAMIVUDINE,unknown,NCI,-1.3211505631215674,2.203585619730884e-54,Downregulated,Downregulated
LEP,FOLIC ACID,unknown,NCI,-1.3211505631215674,2.203585619730884e-54,Downregulated,Downregulated
LEP,CYCLOSPORINE,unknown,PharmGKB,-1.3211505631215674,2.203585619730884e-54,Downregulated,Downregulated
LEP,TROGLITAZONE,unknown,NCI,-1.3211505631215674,2.203585619730884e-54,Downregulated,Downregulated
LEP,GEMFIBROZIL,unknown,NCI,-1.3211505631215674,2.203585619730884e-54,Downregulated,Downregulated
LEP,CLOZAPINE,unknown,NCI,-1.3211505631215674,2.203585619730884e-54,Downregulated,Downregulated
LEP,ANTICOAGULANT AGENT,unknown,NCI,-1.3211505631215674,2.203585619730884e-54,Downregulated,Downregulated
LEP,METHIMAZOLE,unknown,NCI,-1.3211505631215674,2.203585619730884e-54,Downregulated,Downregulated
LEP,MIRTAZAPINE,unknown,NCI,-1.3211505631215674,2.203585619730884e-54,Downregulated,Downregulated
LEP,LOVASTATIN,unknown,NCI,-1.3211505631215674,2.203585619730884e-54,Downregulated,Downregulated
LEP,FAT EMULSION,unknown,NCI,-1.3211505631215674,2.203585619730884e-54,Downregulated,Downregulated
LEP,ANHYDROUS TACROLIMUS,unknown,PharmGKB,-1.3211505631215674,2.203585619730884e-54,Downregulated,Downregulated
LEP,CALCIUM CHANNEL BLOCKER,unknown,NCI,-1.3211505631215674,2.203585619730884e-54,Downregulated,Downregulated
LEP,ESTRADIOL VALERATE,unknown,NCI,-1.3211505631215674,2.203585619730884e-54,Downregulated,Downregulated
LEP,ORAL CONTRACEPTIVE,unknown,NCI,-1.3211505631215674,2.203585619730884e-54,Downregulated,Downregulated
LEP,NICOTINE POLACRILEX,unknown,NCI,-1.3211505631215674,2.203585619730884e-54,Downregulated,Downregulated
LEP,METHADONE HYDROCHLORIDE,unknown,NCI,-1.3211505631215674,2.203585619730884e-54,Downregulated,Downregulated
LEP,BROMOCRIPTINE MESYLATE,unknown,NCI,-1.3211505631215674,2.203585619730884e-54,Downregulated,Downregulated
LEP,VALPROIC ACID,unknown,NCI,-1.3211505631215674,2.203585619730884e-54,Downregulated,Downregulated
LEP,PROPYLTHIOURACIL,unknown,NCI,-1.3211505631215674,2.203585619730884e-54,Downregulated,Downregulated
LEP,FELODIPINE,unknown,NCI,-1.3211505631215674,2.203585619730884e-54,Downregulated,Downregulated
CCL11,METHADONE HYDROCHLORIDE,unknown,PharmGKB,1.4201850954092834,3.3745055996709906e-54,Upregulated,Upregulated
CCL11,ROXITHROMYCIN,unknown,NCI,1.4201850954092834,3.3745055996709906e-54,Upregulated,Upregulated
CCL11,BERTILIMUMAB,inhibitor,ChEMBL,1.4201850954092834,3.3745055996709906e-54,Upregulated,Upregulated
CCL11,TNF-ALPHA,unknown,NCI,1.4201850954092834,3.3745055996709906e-54,Upregulated,Upregulated
CCL11,BERTILIMUMAB,unknown,TTD,1.4201850954092834,3.3745055996709906e-54,Upregulated,Upregulated
CCL11,PAREGORIC,unknown,PharmGKB,1.4201850954092834,3.3745055996709906e-54,Upregulated,Upregulated
CCL11,TYROSINE KINASE INHIBITOR,unknown,NCI,1.4201850954092834,3.3745055996709906e-54,Upregulated,Upregulated
CCL11,MOMETASONE,unknown,NCI,1.4201850954092834,3.3745055996709906e-54,Upregulated,Upregulated
PAPPA2,ALBUTEROL SULFATE,unknown,PharmGKB,-1.2562353704316471,1.4075846479668112e-53,Downregulated,Downregulated
TDO2,LM10,inhibitor,GuideToPharmacology,1.1827443591966544,3.679082458934751e-52,Upregulated,Upregulated
TDO2,DEXAMETHASONE,unknown,NCI,1.1827443591966544,3.679082458934751e-52,Upregulated,Upregulated
TDO2,TCDD,unknown,NCI,1.1827443591966544,3.679082458934751e-52,Upregulated,Upregulated
TDO2,THERAPEUTIC HORMONE,unknown,NCI,1.1827443591966544,3.679082458934751e-52,Upregulated,Upregulated
TDO2,NAVOXIMOD,inhibitor,GuideToPharmacology,1.1827443591966544,3.679082458934751e-52,Upregulated,Upregulated
TDO2,"INSULIN, REGULAR, HUMAN",unknown,NCI,1.1827443591966544,3.679082458934751e-52,Upregulated,Upregulated
TDO2,HYDROGEN PEROXIDE,unknown,NCI,1.1827443591966544,3.679082458934751e-52,Upregulated,Upregulated
HCN2,ZD7288,blocker,GuideToPharmacology,1.0441509860466318,4.749038255496243e-52,Upregulated,Upregulated
HCN2,ZATEBRADINE,blocker,GuideToPharmacology,1.0441509860466318,4.749038255496243e-52,Upregulated,Upregulated
HCN2,CILOBRADINE,blocker,GuideToPharmacology,1.0441509860466318,4.749038255496243e-52,Upregulated,Upregulated
HCN2,CS+,blocker,GuideToPharmacology,1.0441509860466318,4.749038255496243e-52,Upregulated,Upregulated
PROC,LUSUTROMBOPAG,unknown,PharmGKB,1.0747637824876275,1.1676649570167178e-51,Upregulated,Upregulated
PROC,PROTHROMBIN COMPLEX CONCENTRATE,unknown,ChEMBL,1.0747637824876275,1.1676649570167178e-51,Upregulated,Upregulated
PROC,PROTEIN C CONCENTRATE (HUMAN),unknown,ChEMBL,1.0747637824876275,1.1676649570167178e-51,Upregulated,Upregulated
PROC,PROGESTERONE,unknown,FDA,1.0747637824876275,1.1676649570167178e-51,Upregulated,Upregulated
PROC,WARFARIN,unknown,FDA,1.0747637824876275,1.1676649570167178e-51,Upregulated,Upregulated
PROC,VITAMIN K3,unknown,TEND,1.0747637824876275,1.1676649570167178e-51,Upregulated,Upregulated
PROC,ESTRADIOL VALERATE,unknown,FDA,1.0747637824876275,1.1676649570167178e-51,Upregulated,Upregulated
PROC,COMPOUND 37 [PMID: 24418773],inhibitor,GuideToPharmacology,1.0747637824876275,1.1676649570167178e-51,Upregulated,Upregulated
PROC,ANCROD,unknown,TTD,1.0747637824876275,1.1676649570167178e-51,Upregulated,Upregulated
PROC,"SYNTHETIC CONJUGATED ESTROGENS, A",unknown,PharmGKB,1.0747637824876275,1.1676649570167178e-51,Upregulated,Upregulated
PROC,AVATROMBOPAG,unknown,PharmGKB,1.0747637824876275,1.1676649570167178e-51,Upregulated,Upregulated
PROC,3K3A-ACTIVATED PROTEIN C,unknown,TTD,1.0747637824876275,1.1676649570167178e-51,Upregulated,Upregulated
PROC,SODIUM TETRADECYL SULFATE,unknown,TEND,1.0747637824876275,1.1676649570167178e-51,Upregulated,Upregulated
ADCYAP1R1,"[125I]VIP (HUMAN, MOUSE, RAT)",agonist,GuideToPharmacology,-1.230380010962811,1.309125244187218e-51,Downregulated,Downregulated
ADCYAP1R1,[125I][AC-HIS1]PACAP-27,agonist,GuideToPharmacology,-1.230380010962811,1.309125244187218e-51,Downregulated,Downregulated
ADCYAP1R1,N-STEARYL-[NLE17] NEUROTENSIN-(6-11)/VIP-(7-28),inhibitor,GuideToPharmacology,-1.230380010962811,1.309125244187218e-51,Downregulated,Downregulated
ADCYAP1R1,RECOMBINANT MONOCYTE CHEMOATTRACTANT PROTEIN-1,unknown,NCI,-1.230380010962811,1.309125244187218e-51,Downregulated,Downregulated
ADCYAP1R1,PACAP-27,agonist,GuideToPharmacology,-1.230380010962811,1.309125244187218e-51,Downregulated,Downregulated
ADCYAP1R1,BAY 55-9837,agonist,GuideToPharmacology,-1.230380010962811,1.309125244187218e-51,Downregulated,Downregulated
ADCYAP1R1,MK-0893,inhibitor,GuideToPharmacology,-1.230380010962811,1.309125244187218e-51,Downregulated,Downregulated
ADCYAP1R1,M65,inhibitor,GuideToPharmacology,-1.230380010962811,1.309125244187218e-51,Downregulated,Downregulated
ADCYAP1R1,"INSULIN, REGULAR, HUMAN",unknown,NCI,-1.230380010962811,1.309125244187218e-51,Downregulated,Downregulated
ADCYAP1R1,MAXADILAN,agonist,GuideToPharmacology,-1.230380010962811,1.309125244187218e-51,Downregulated,Downregulated
ADCYAP1R1,[ARG16]CHICKEN SECRETIN,agonist,GuideToPharmacology,-1.230380010962811,1.309125244187218e-51,Downregulated,Downregulated
ADCYAP1R1,"[LYS15,ARG16,LEU27]VIP-(1-7)/GRF-(8-27)-NH2",agonist,GuideToPharmacology,-1.230380010962811,1.309125244187218e-51,Downregulated,Downregulated
ADCYAP1R1,NALOXONE HYDROCHLORIDE,unknown,NCI,-1.230380010962811,1.309125244187218e-51,Downregulated,Downregulated
ADCYAP1R1,[125I]PACAP-27,agonist,GuideToPharmacology,-1.230380010962811,1.309125244187218e-51,Downregulated,Downregulated
ADCYAP1R1,PACAP-38,agonist,GuideToPharmacology,-1.230380010962811,1.309125244187218e-51,Downregulated,Downregulated
ADCYAP1R1,RO 25-1553,agonist,GuideToPharmacology,-1.230380010962811,1.309125244187218e-51,Downregulated,Downregulated
ADCYAP1R1,PG 99-465,agonist,GuideToPharmacology,-1.230380010962811,1.309125244187218e-51,Downregulated,Downregulated
ADCYAP1R1,PG 97-269,inhibitor,GuideToPharmacology,-1.230380010962811,1.309125244187218e-51,Downregulated,Downregulated
ADCYAP1R1,VIP,agonist,GuideToPharmacology,-1.230380010962811,1.309125244187218e-51,Downregulated,Downregulated
ADCYAP1R1,"[ALA11,22,28]VIP",agonist,GuideToPharmacology,-1.230380010962811,1.309125244187218e-51,Downregulated,Downregulated
ADCYAP1R1,RECOMBINANT INTERLEUKIN-6,unknown,NCI,-1.230380010962811,1.309125244187218e-51,Downregulated,Downregulated
GRM4,VU0080241,modulator,GuideToPharmacology,1.3429125393090011,6.297920283426027e-51,Upregulated,Upregulated
GRM4,"(R,S)-4-PPG",agonist,GuideToPharmacology,1.3429125393090011,6.297920283426027e-51,Upregulated,Upregulated
GRM4,VU0364770,modulator,DTC,1.3429125393090011,6.297920283426027e-51,Upregulated,Upregulated
GRM4,FP0429,agonist,GuideToPharmacology,1.3429125393090011,6.297920283426027e-51,Upregulated,Upregulated
GRM4,FOLIGLURAX,modulator,GuideToPharmacology,1.3429125393090011,6.297920283426027e-51,Upregulated,Upregulated
GRM4,L-AP4,agonist,GuideToPharmacology,1.3429125393090011,6.297920283426027e-51,Upregulated,Upregulated
GRM4,COMPOUND 1 [PMID: 22465637],modulator,GuideToPharmacology,1.3429125393090011,6.297920283426027e-51,Upregulated,Upregulated
GRM4,COMPOUND 7 [PMID: 20638279],modulator,GuideToPharmacology,1.3429125393090011,6.297920283426027e-51,Upregulated,Upregulated
GRM4,DEXFOSFOSERINE,agonist,GuideToPharmacology,1.3429125393090011,6.297920283426027e-51,Upregulated,Upregulated
GRM4,GLUTAMIC ACID,agonist,GuideToPharmacology,1.3429125393090011,6.297920283426027e-51,Upregulated,Upregulated
GRM4,CHEMBL:CHEMBL559271,unknown,DTC,1.3429125393090011,6.297920283426027e-51,Upregulated,Upregulated
GRM4,ADX88178,modulator,GuideToPharmacology,1.3429125393090011,6.297920283426027e-51,Upregulated,Upregulated
GRM4,CHEMBL:CHEMBL549330,unknown,DTC,1.3429125393090011,6.297920283426027e-51,Upregulated,Upregulated
GRM4,VU0400195,modulator,GuideToPharmacology,1.3429125393090011,6.297920283426027e-51,Upregulated,Upregulated
GRM4,FOLIGLURAX,positive modulator,ChEMBL,1.3429125393090011,6.297920283426027e-51,Upregulated,Upregulated
GRM4,COMPOUND 11 [PMID: 20638279],modulator,GuideToPharmacology,1.3429125393090011,6.297920283426027e-51,Upregulated,Upregulated
GRM4,VU0359516,modulator,GuideToPharmacology,1.3429125393090011,6.297920283426027e-51,Upregulated,Upregulated
GRM4,VU0092145,modulator,GuideToPharmacology,1.3429125393090011,6.297920283426027e-51,Upregulated,Upregulated
GRM4,PHCCC,modulator,GuideToPharmacology,1.3429125393090011,6.297920283426027e-51,Upregulated,Upregulated
GRM4,VU0361737,modulator,GuideToPharmacology,1.3429125393090011,6.297920283426027e-51,Upregulated,Upregulated
GRM4,VU0155041,modulator,GuideToPharmacology,1.3429125393090011,6.297920283426027e-51,Upregulated,Upregulated
GRM4,VU0001171,modulator,GuideToPharmacology,1.3429125393090011,6.297920283426027e-51,Upregulated,Upregulated
GRM4,MPEP,modulator,GuideToPharmacology,1.3429125393090011,6.297920283426027e-51,Upregulated,Upregulated
GRM4,LSP4-2022,agonist,GuideToPharmacology,1.3429125393090011,6.297920283426027e-51,Upregulated,Upregulated
GRM4,CHEMBL:CHEMBL541754,unknown,DTC,1.3429125393090011,6.297920283426027e-51,Upregulated,Upregulated
GRM4,CHEMBL:CHEMBL572346,unknown,DTC,1.3429125393090011,6.297920283426027e-51,Upregulated,Upregulated
GRM4,COMPOUND 22A [PMID: 21688779],modulator,GuideToPharmacology,1.3429125393090011,6.297920283426027e-51,Upregulated,Upregulated
GRM4,"(S)-3,4-DCPG",agonist,GuideToPharmacology,1.3429125393090011,6.297920283426027e-51,Upregulated,Upregulated
GRM4,VU2957,modulator,GuideToPharmacology,1.3429125393090011,6.297920283426027e-51,Upregulated,Upregulated
GRM4,LU AF21934,modulator,GuideToPharmacology,1.3429125393090011,6.297920283426027e-51,Upregulated,Upregulated
GRM4,SIB-1893,modulator,GuideToPharmacology,1.3429125393090011,6.297920283426027e-51,Upregulated,Upregulated
GRM4,CHEMBL:CHEMBL571453,unknown,DTC,1.3429125393090011,6.297920283426027e-51,Upregulated,Upregulated
GRM4,LY341495,inhibitor,GuideToPharmacology,1.3429125393090011,6.297920283426027e-51,Upregulated,Upregulated
MMP1,COBALT,unknown,NCI,1.442491292467476,1.5550792646209632e-50,Upregulated,Upregulated
MMP1,DOXYCYCLINE HYCLATE,inhibitor,ChEMBL,1.442491292467476,1.5550792646209632e-50,Upregulated,Upregulated
MMP1,COLLAGENASE CLOSTRIDIUM HISTOLYTICUM,unknown,TdgClinicalTrial,1.442491292467476,1.5550792646209632e-50,Upregulated,Upregulated
MMP1,TRIAMCINOLONE,unknown,NCI,1.442491292467476,1.5550792646209632e-50,Upregulated,Upregulated
MMP1,CGS-27023A,inhibitor,GuideToPharmacology,1.442491292467476,1.5550792646209632e-50,Upregulated,Upregulated
MMP1,MEDROXYPROGESTERONE ACETATE,unknown,NCI,1.442491292467476,1.5550792646209632e-50,Upregulated,Upregulated
MMP1,LEFLUNOMIDE,unknown,NCI,1.442491292467476,1.5550792646209632e-50,Upregulated,Upregulated
MMP1,HYDROCORTISONE BUTYRATE,unknown,NCI,1.442491292467476,1.5550792646209632e-50,Upregulated,Upregulated
MMP1,SACITUZUMAB GOVITECAN,unknown,CIViC,1.442491292467476,1.5550792646209632e-50,Upregulated,Upregulated
MMP1,DOXYCYCLINE MONOHYDRATE,inhibitor,ChEMBL,1.442491292467476,1.5550792646209632e-50,Upregulated,Upregulated
MMP1,ILOMASTAT,inhibitor,GuideToPharmacology,1.442491292467476,1.5550792646209632e-50,Upregulated,Upregulated
MMP1,BATIMASTAT,inhibitor,GuideToPharmacology,1.442491292467476,1.5550792646209632e-50,Upregulated,Upregulated
MMP1,INTERFERON-BETA,unknown,NCI,1.442491292467476,1.5550792646209632e-50,Upregulated,Upregulated
MMP1,DOXYCYCLINE CALCIUM,inhibitor,ChEMBL,1.442491292467476,1.5550792646209632e-50,Upregulated,Upregulated
MMP1,SIROLIMUS,unknown,NCI,1.442491292467476,1.5550792646209632e-50,Upregulated,Upregulated
MMP1,IMMUNOSUPPRESSANT,unknown,NCI,1.442491292467476,1.5550792646209632e-50,Upregulated,Upregulated
MMP1,MARIMASTAT,inhibitor,GuideToPharmacology,1.442491292467476,1.5550792646209632e-50,Upregulated,Upregulated
MMP1,CIPEMASTAT,inhibitor,GuideToPharmacology,1.442491292467476,1.5550792646209632e-50,Upregulated,Upregulated
MMP1,REBIMASTAT,inhibitor,ChEMBL,1.442491292467476,1.5550792646209632e-50,Upregulated,Upregulated
MMP1,THERAPEUTIC GLUCOCORTICOID,unknown,NCI,1.442491292467476,1.5550792646209632e-50,Upregulated,Upregulated
MMP1,LEUPROLIDE ACETATE,unknown,NCI,1.442491292467476,1.5550792646209632e-50,Upregulated,Upregulated
MMP1,APRATASTAT,inhibitor,GuideToPharmacology,1.442491292467476,1.5550792646209632e-50,Upregulated,Upregulated
MMP1,ALPHA-TOCOPHEROL,unknown,NCI,1.442491292467476,1.5550792646209632e-50,Upregulated,Upregulated
MMP1,RIBAVIRIN,unknown,NCI,1.442491292467476,1.5550792646209632e-50,Upregulated,Upregulated
MMP1,TYROSINE KINASE INHIBITOR,unknown,NCI,1.442491292467476,1.5550792646209632e-50,Upregulated,Upregulated
MMP1,PENTOSAN POLYSULPHATE SODIUM,unknown,NCI,1.442491292467476,1.5550792646209632e-50,Upregulated,Upregulated
MMP1,LAMIVUDINE,unknown,NCI,1.442491292467476,1.5550792646209632e-50,Upregulated,Upregulated
GFAP,DEMECOLCINE,unknown,NCI,-1.0218173360654683,3.258021537774707e-50,Downregulated,Downregulated
GFAP,PROCARBAZINE HYDROCHLORIDE,unknown,NCI,-1.0218173360654683,3.258021537774707e-50,Downregulated,Downregulated
GFAP,GENISTEIN,unknown,NCI,-1.0218173360654683,3.258021537774707e-50,Downregulated,Downregulated
GFAP,HYDROGEN PEROXIDE,unknown,NCI,-1.0218173360654683,3.258021537774707e-50,Downregulated,Downregulated
GFAP,NIMODIPINE,unknown,NCI,-1.0218173360654683,3.258021537774707e-50,Downregulated,Downregulated
GFAP,TYROSINE KINASE INHIBITOR,unknown,NCI,-1.0218173360654683,3.258021537774707e-50,Downregulated,Downregulated
GFAP,PROGESTERONE,unknown,NCI,-1.0218173360654683,3.258021537774707e-50,Downregulated,Downregulated
GFAP,CAFFEINE,unknown,NCI,-1.0218173360654683,3.258021537774707e-50,Downregulated,Downregulated
GFAP,PROTEASE INHIBITOR,unknown,NCI,-1.0218173360654683,3.258021537774707e-50,Downregulated,Downregulated
GFAP,PIOGLITAZONE HYDROCHLORIDE,unknown,NCI,-1.0218173360654683,3.258021537774707e-50,Downregulated,Downregulated
GFAP,COLCHICINE,unknown,NCI,-1.0218173360654683,3.258021537774707e-50,Downregulated,Downregulated
GFAP,ISOPROTERENOL,unknown,NCI,-1.0218173360654683,3.258021537774707e-50,Downregulated,Downregulated
GFAP,SODIUM BUTYRATE,unknown,NCI,-1.0218173360654683,3.258021537774707e-50,Downregulated,Downregulated
GFAP,RECOMBINANT LUTEINIZING HORMONE,unknown,NCI,-1.0218173360654683,3.258021537774707e-50,Downregulated,Downregulated
GFAP,FREUND'S ADJUVANT,unknown,NCI,-1.0218173360654683,3.258021537774707e-50,Downregulated,Downregulated
GFAP,FADROZOLE HYDROCHLORIDE,unknown,NCI,-1.0218173360654683,3.258021537774707e-50,Downregulated,Downregulated
GFAP,SORBITOL,unknown,NCI,-1.0218173360654683,3.258021537774707e-50,Downregulated,Downregulated
GFAP,ADENOVIRUS VECTOR,unknown,NCI,-1.0218173360654683,3.258021537774707e-50,Downregulated,Downregulated
GFAP,DISULFIRAM,unknown,NCI,-1.0218173360654683,3.258021537774707e-50,Downregulated,Downregulated
GFAP,PRASTERONE,unknown,NCI,-1.0218173360654683,3.258021537774707e-50,Downregulated,Downregulated
GFAP,PENTOXIFYLLINE,unknown,NCI,-1.0218173360654683,3.258021537774707e-50,Downregulated,Downregulated
GFAP,AMPHETAMINE SULFATE,unknown,NCI,-1.0218173360654683,3.258021537774707e-50,Downregulated,Downregulated
GFAP,STAUROSPORINE,unknown,NCI,-1.0218173360654683,3.258021537774707e-50,Downregulated,Downregulated
GFAP,LITHIUM CATION,unknown,NCI,-1.0218173360654683,3.258021537774707e-50,Downregulated,Downregulated
GFAP,THERAPEUTIC MELATONIN,unknown,NCI,-1.0218173360654683,3.258021537774707e-50,Downregulated,Downregulated
GFAP,NIFEDIPINE,unknown,NCI,-1.0218173360654683,3.258021537774707e-50,Downregulated,Downregulated
GFAP,ANTISENSE OLIGONUCLEOTIDES,unknown,NCI,-1.0218173360654683,3.258021537774707e-50,Downregulated,Downregulated
GFAP,DRONABINOL,unknown,NCI,-1.0218173360654683,3.258021537774707e-50,Downregulated,Downregulated
GFAP,PROPRANOLOL HYDROCHLORIDE,unknown,NCI,-1.0218173360654683,3.258021537774707e-50,Downregulated,Downregulated
GFAP,RECOMBINANT HEREGULIN,unknown,NCI,-1.0218173360654683,3.258021537774707e-50,Downregulated,Downregulated
GFAP,ASPIRIN,unknown,NCI,-1.0218173360654683,3.258021537774707e-50,Downregulated,Downregulated
GFAP,PERMETHRIN,unknown,NCI,-1.0218173360654683,3.258021537774707e-50,Downregulated,Downregulated
GFAP,TCDD,unknown,NCI,-1.0218173360654683,3.258021537774707e-50,Downregulated,Downregulated
GFAP,METHYLNITROSOUREA,unknown,NCI,-1.0218173360654683,3.258021537774707e-50,Downregulated,Downregulated
GFAP,METHIMAZOLE,unknown,NCI,-1.0218173360654683,3.258021537774707e-50,Downregulated,Downregulated
GFAP,MASOPROCOL,unknown,NCI,-1.0218173360654683,3.258021537774707e-50,Downregulated,Downregulated
GFAP,ASCORBIC ACID,unknown,NCI,-1.0218173360654683,3.258021537774707e-50,Downregulated,Downregulated
GFAP,CAPSAICIN,unknown,NCI,-1.0218173360654683,3.258021537774707e-50,Downregulated,Downregulated
GFAP,IMMUNOTOXIN,unknown,NCI,-1.0218173360654683,3.258021537774707e-50,Downregulated,Downregulated
GFAP,INTERLEUKIN-11,unknown,NCI,-1.0218173360654683,3.258021537774707e-50,Downregulated,Downregulated
